source,destination,t,this.sim
Chongqing,JFK,2020-01-30,1
Hubei,JFK,2020-01-14,1
Hubei,JFK,2020-01-18,1
Hubei,JFK,2020-01-21,1
ARE,JFK,2020-02-17,1
AUT,JFK,2020-02-22,1
AUT,JFK,2020-02-28,1
CA,EWR,2020-02-24,1
CA,EWR,2020-02-28,1
CA,JFK,2020-02-27,1
CHE,JFK,2020-02-22,1
CHE,JFK,2020-02-26,1
DEU,EWR,2020-02-24,1
DEU,JFK,2020-02-18,1
IRL,BDL,2020-02-27,1
ISL,BUF,2020-02-24,1
ISL,EWR,2020-02-25,1
ISR,EWR,2020-02-28,1
ITA,EWR,2020-02-26,2
ITA,JFK,2020-02-10,1
ITA,JFK,2020-02-16,1
ITA,JFK,2020-02-17,1
ITA,JFK,2020-02-25,1
ITA,ROC,2020-02-22,1
KOR,JFK,2020-02-16,1
KOR,JFK,2020-02-24,1
LA,EWR,2020-02-28,1
MA,EWR,2020-02-28,2
NLD,SWF,2020-02-25,1
SWE,EWR,2020-02-28,1
SWE,JFK,2020-02-28,1
WA,BUF,2020-02-27,1
AK,LGA,2020-03-16,1
AL,EWR,2020-03-31,1
AL,LGA,2020-03-20,1
AL,LGA,2020-03-22,1
AR,EWR,2020-03-15,1
AR,LGA,2020-03-11,1
ARE,JFK,2020-03-04,1
AUT,EWR,2020-03-07,1
AUT,JFK,2020-03-07,1
AZ,BDL,2020-03-14,1
AZ,BUF,2020-03-28,1
AZ,EWR,2020-03-11,1
AZ,EWR,2020-03-18,3
AZ,EWR,2020-03-19,1
AZ,EWR,2020-03-20,1
AZ,EWR,2020-03-30,1
AZ,JFK,2020-03-12,1
AZ,JFK,2020-03-19,2
AZ,JFK,2020-03-23,1
AZ,JFK,2020-03-31,1
AZ,LGA,2020-03-21,1
AZ,SYR,2020-03-17,1
BEL,JFK,2020-03-13,1
CA,ALB,2020-03-15,1
CA,ALB,2020-03-21,1
CA,ALB,2020-03-23,1
CA,BDL,2020-03-12,1
CA,BUF,2020-03-06,1
CA,BUF,2020-03-23,1
CA,EWR,2020-03-04,1
CA,EWR,2020-03-06,1
CA,EWR,2020-03-13,2
CA,EWR,2020-03-14,2
CA,EWR,2020-03-15,1
CA,EWR,2020-03-17,5
CA,EWR,2020-03-19,2
CA,EWR,2020-03-22,2
CA,EWR,2020-03-23,2
CA,EWR,2020-03-24,1
CA,EWR,2020-03-25,1
CA,EWR,2020-03-29,10
CA,EWR,2020-03-30,1
CA,JFK,2020-03-01,2
CA,JFK,2020-03-05,8
CA,JFK,2020-03-06,2
CA,JFK,2020-03-08,5
CA,JFK,2020-03-12,1
CA,JFK,2020-03-15,2
CA,JFK,2020-03-18,3
CA,JFK,2020-03-19,3
CA,JFK,2020-03-22,1
CA,JFK,2020-03-23,3
CA,JFK,2020-03-26,8
CA,JFK,2020-03-28,1
CA,LGA,2020-03-15,3
CA,LGA,2020-03-31,1
CA,ROC,2020-03-26,2
CAN,EWR,2020-03-08,1
CAN,EWR,2020-03-19,1
CAN,EWR,2020-03-21,2
CAN,JFK,2020-03-27,2
CAN,JFK,2020-03-31,1
CAN,LGA,2020-03-05,1
CAN,LGA,2020-03-23,1
CAN,LGA,2020-03-25,1
CAN,LGA,2020-03-30,2
CAN,LGA,2020-03-31,1
CHE,EWR,2020-03-01,2
CHE,EWR,2020-03-08,3
CHE,EWR,2020-03-17,1
CHE,EWR,2020-03-19,1
CHE,JFK,2020-03-05,3
CHE,JFK,2020-03-07,1
CHE,JFK,2020-03-09,1
CHE,JFK,2020-03-12,1
CO,BUF,2020-03-10,1
CO,EWR,2020-03-10,1
CO,EWR,2020-03-11,1
CO,EWR,2020-03-13,1
CO,EWR,2020-03-19,2
CO,EWR,2020-03-21,7
CO,EWR,2020-03-24,1
CO,EWR,2020-03-30,1
CO,JFK,2020-03-13,1
CO,JFK,2020-03-16,1
CO,JFK,2020-03-17,2
CO,JFK,2020-03-24,1
CO,JFK,2020-03-25,1
CO,JFK,2020-03-31,3
CO,LGA,2020-03-06,4
CO,LGA,2020-03-10,1
CO,LGA,2020-03-11,8
CO,LGA,2020-03-12,3
CO,LGA,2020-03-14,2
CO,LGA,2020-03-15,1
CO,LGA,2020-03-16,2
CO,LGA,2020-03-30,2
CT,BUF,2020-03-18,2
CT,BUF,2020-03-20,1
CT,BUF,2020-03-31,1
CT,EWR,2020-03-27,1
CT,FOK,2020-03-17,1
CT,HTO,2020-03-21,2
CT,PCT,2020-03-14,1
CT,PCT,2020-03-28,2
CT,TEB,2020-03-13,1
CT,TEB,2020-03-20,1
CT,TEB,2020-03-21,2
CT,TTN,2020-03-14,1
CT,TTN,2020-03-23,1
CT,WSH,2020-03-21,1
DC,BDL,2020-03-06,1
DC,BDL,2020-03-17,2
DC,BDL,2020-03-23,1
DC,BDL,2020-03-29,4
DC,BUF,2020-03-23,1
DC,BUF,2020-03-24,1
DC,BUF,2020-03-26,1
DC,BUF,2020-03-30,1
DC,EWR,2020-03-09,1
DC,EWR,2020-03-14,1
DC,EWR,2020-03-18,2
DC,EWR,2020-03-24,1
DC,EWR,2020-03-28,1
DC,FID,2020-03-20,1
DC,FID,2020-03-22,1
DC,HPN,2020-03-11,1
DC,HPN,2020-03-25,1
DC,JFK,2020-03-06,2
DC,JFK,2020-03-08,2
DC,JFK,2020-03-16,3
DC,JFK,2020-03-30,4
DC,LGA,2020-03-11,1
DC,LGA,2020-03-14,1
DC,LGA,2020-03-15,5
DC,LGA,2020-03-17,1
DC,LGA,2020-03-18,9
DC,LGA,2020-03-19,2
DC,LGA,2020-03-20,4
DC,LGA,2020-03-21,4
DC,LGA,2020-03-30,1
DC,ROC,2020-03-13,1
DC,ROC,2020-03-26,1
DC,ROC,2020-03-31,1
DC,SYR,2020-03-26,1
DC,SYR,2020-03-28,1
DC,TEB,2020-03-22,1
DE,HPN,2020-03-14,1
DEU,EWR,2020-03-08,3
DEU,EWR,2020-03-10,1
DEU,EWR,2020-03-16,1
DEU,JFK,2020-03-06,1
DEU,JFK,2020-03-07,1
DEU,JFK,2020-03-09,2
DNK,EWR,2020-03-15,1
DNK,JFK,2020-03-17,1
DNK,JFK,2020-03-27,1
DNK,JFK,2020-03-29,1
DOM,JFK,2020-03-16,1
DOM,JFK,2020-03-18,1
DOM,JFK,2020-03-19,1
DOM,JFK,2020-03-26,1
DOM,JFK,2020-03-30,1
ECU,JFK,2020-03-15,1
ESP,EWR,2020-03-08,1
ESP,EWR,2020-03-24,1
ESP,EWR,2020-03-27,1
ESP,JFK,2020-03-01,1
ESP,JFK,2020-03-05,1
ESP,JFK,2020-03-07,2
ESP,JFK,2020-03-09,1
ESP,JFK,2020-03-15,1
ESP,JFK,2020-03-28,1
FL,ACY,2020-03-12,1
FL,ACY,2020-03-16,1
FL,ACY,2020-03-21,2
FL,ACY,2020-03-23,6
FL,ALB,2020-03-10,1
FL,ALB,2020-03-19,3
FL,ALB,2020-03-23,1
FL,BDL,2020-03-08,1
FL,BDL,2020-03-09,1
FL,BDL,2020-03-10,1
FL,BDL,2020-03-16,1
FL,BDL,2020-03-17,11
FL,BDL,2020-03-19,5
FL,BDL,2020-03-21,1
FL,BDL,2020-03-22,1
FL,BDL,2020-03-23,1
FL,BDL,2020-03-30,2
FL,BUF,2020-03-10,7
FL,BUF,2020-03-16,1
FL,BUF,2020-03-17,2
FL,BUF,2020-03-22,2
FL,BUF,2020-03-23,2
FL,ELM,2020-03-09,1
FL,EWR,2020-03-06,1
FL,EWR,2020-03-07,4
FL,EWR,2020-03-08,7
FL,EWR,2020-03-11,1
FL,EWR,2020-03-13,17
FL,EWR,2020-03-15,6
FL,EWR,2020-03-16,1
FL,EWR,2020-03-17,6
FL,EWR,2020-03-19,1
FL,EWR,2020-03-20,4
FL,EWR,2020-03-23,2
FL,EWR,2020-03-25,4
FL,EWR,2020-03-28,16
FL,HPN,2020-03-06,1
FL,HPN,2020-03-11,1
FL,HPN,2020-03-19,1
FL,HPN,2020-03-31,2
FL,IAG,2020-03-08,1
FL,IAG,2020-03-18,5
FL,ISP,2020-03-08,3
FL,ISP,2020-03-10,1
FL,ISP,2020-03-15,2
FL,ISP,2020-03-16,1
FL,ISP,2020-03-18,1
FL,ISP,2020-03-19,2
FL,ISP,2020-03-29,3
FL,JFK,2020-03-03,1
FL,JFK,2020-03-06,6
FL,JFK,2020-03-07,3
FL,JFK,2020-03-11,1
FL,JFK,2020-03-12,1
FL,JFK,2020-03-13,1
FL,JFK,2020-03-15,4
FL,JFK,2020-03-17,23
FL,JFK,2020-03-18,6
FL,JFK,2020-03-20,10
FL,JFK,2020-03-21,3
FL,JFK,2020-03-22,1
FL,JFK,2020-03-23,2
FL,JFK,2020-03-24,7
FL,JFK,2020-03-25,2
FL,JFK,2020-03-28,3
FL,JFK,2020-03-31,2
FL,JHW,2020-03-15,1
FL,LGA,2020-03-02,2
FL,LGA,2020-03-03,1
FL,LGA,2020-03-04,1
FL,LGA,2020-03-08,2
FL,LGA,2020-03-09,3
FL,LGA,2020-03-11,7
FL,LGA,2020-03-12,1
FL,LGA,2020-03-16,2
FL,LGA,2020-03-17,7
FL,LGA,2020-03-18,1
FL,LGA,2020-03-22,1
FL,LGA,2020-03-23,4
FL,LGA,2020-03-25,3
FL,LGA,2020-03-26,3
FL,LGA,2020-03-27,3
FL,LGA,2020-03-30,2
FL,PBG,2020-03-10,1
FL,PBG,2020-03-18,2
FL,PBG,2020-03-20,1
FL,PBG,2020-03-21,1
FL,PBG,2020-03-24,3
FL,PBG,2020-03-25,1
FL,ROC,2020-03-22,1
FL,ROC,2020-03-26,2
FL,ROC,2020-03-30,1
FL,SWF,2020-03-20,1
FL,SWF,2020-03-22,1
FL,SYR,2020-03-17,1
FL,SYR,2020-03-18,3
FL,SYR,2020-03-19,1
FL,SYR,2020-03-27,1
FL,TTN,2020-03-18,1
FL,TTN,2020-03-25,1
FL,TTN,2020-03-27,1
FL,TTN,2020-03-29,1
FRA,EWR,2020-03-01,1
FRA,EWR,2020-03-08,3
FRA,EWR,2020-03-15,1
FRA,EWR,2020-03-21,1
FRA,EWR,2020-03-24,1
FRA,EWR,2020-03-27,3
FRA,JFK,2020-03-06,2
FRA,JFK,2020-03-07,1
FRA,JFK,2020-03-10,2
FRA,JFK,2020-03-16,1
FRA,JFK,2020-03-21,1
FRA,JFK,2020-03-25,1
FRA,LGA,2020-03-24,1
GA,ALB,2020-03-07,1
GA,BDL,2020-03-20,1
GA,BUF,2020-03-17,1
GA,BUF,2020-03-21,1
GA,EWR,2020-03-07,1
GA,EWR,2020-03-08,5
GA,EWR,2020-03-14,1
GA,EWR,2020-03-18,2
GA,EWR,2020-03-22,1
GA,EWR,2020-03-23,3
GA,EWR,2020-03-25,1
GA,HPN,2020-03-06,1
GA,HPN,2020-03-20,2
GA,HPN,2020-03-24,1
GA,JFK,2020-03-16,9
GA,JFK,2020-03-17,2
GA,JFK,2020-03-20,1
GA,LGA,2020-03-02,1
GA,LGA,2020-03-09,1
GA,LGA,2020-03-12,3
GA,LGA,2020-03-14,1
GA,LGA,2020-03-15,17
GA,LGA,2020-03-16,7
GA,LGA,2020-03-21,1
GA,LGA,2020-03-22,4
GA,LGA,2020-03-24,2
GA,LGA,2020-03-25,2
GA,LGA,2020-03-28,1
GA,LGA,2020-03-30,2
GA,SYR,2020-03-31,1
GBR,EWR,2020-03-15,1
GBR,EWR,2020-03-22,1
GBR,EWR,2020-03-31,1
GBR,JFK,2020-03-01,1
GBR,JFK,2020-03-12,1
GBR,JFK,2020-03-24,1
GBR,JFK,2020-03-28,2
HI,JFK,2020-03-11,1
HI,JFK,2020-03-13,1
IA,BDL,2020-03-10,1
IA,LGA,2020-03-08,1
IA,LGA,2020-03-20,1
ID,LGA,2020-03-28,1
IL,ALB,2020-03-08,1
IL,ALB,2020-03-12,2
IL,ALB,2020-03-18,1
IL,ALB,2020-03-28,1
IL,BDL,2020-03-15,4
IL,BDL,2020-03-21,1
IL,BDL,2020-03-25,1
IL,BDL,2020-03-31,1
IL,BUF,2020-03-10,1
IL,BUF,2020-03-11,2
IL,BUF,2020-03-17,1
IL,BUF,2020-03-25,1
IL,EWR,2020-03-05,1
IL,EWR,2020-03-09,1
IL,EWR,2020-03-10,4
IL,EWR,2020-03-11,1
IL,EWR,2020-03-12,1
IL,EWR,2020-03-13,1
IL,EWR,2020-03-15,1
IL,EWR,2020-03-17,17
IL,EWR,2020-03-21,2
IL,EWR,2020-03-22,2
IL,EWR,2020-03-24,3
IL,EWR,2020-03-27,3
IL,EWR,2020-03-29,1
IL,HPN,2020-03-09,1
IL,HPN,2020-03-25,1
IL,ISP,2020-03-14,1
IL,ISP,2020-03-17,3
IL,ISP,2020-03-25,2
IL,JFK,2020-03-08,1
IL,JFK,2020-03-14,1
IL,JFK,2020-03-16,4
IL,JFK,2020-03-19,2
IL,JFK,2020-03-21,1
IL,JFK,2020-03-26,1
IL,JFK,2020-03-31,1
IL,LGA,2020-03-02,1
IL,LGA,2020-03-03,2
IL,LGA,2020-03-06,3
IL,LGA,2020-03-07,3
IL,LGA,2020-03-08,2
IL,LGA,2020-03-09,1
IL,LGA,2020-03-11,2
IL,LGA,2020-03-14,12
IL,LGA,2020-03-18,1
IL,LGA,2020-03-20,2
IL,LGA,2020-03-21,4
IL,LGA,2020-03-22,6
IL,LGA,2020-03-23,3
IL,LGA,2020-03-25,5
IL,LGA,2020-03-26,2
IL,LGA,2020-03-27,7
IL,LGA,2020-03-29,1
IL,LGA,2020-03-30,1
IL,ROC,2020-03-15,1
IL,SYR,2020-03-19,1
IN,BDL,2020-03-23,1
IN,EWR,2020-03-12,1
IN,EWR,2020-03-16,1
IN,EWR,2020-03-18,1
IN,LGA,2020-03-22,1
IRL,BDL,2020-03-31,1
IRL,EWR,2020-03-13,1
IRL,EWR,2020-03-25,1
IRL,JFK,2020-03-08,1
IRL,JFK,2020-03-10,1
ISL,EWR,2020-03-02,1
ISL,EWR,2020-03-09,1
ISL,EWR,2020-03-11,1
ISL,JFK,2020-03-01,2
ISL,JFK,2020-03-26,1
ISR,EWR,2020-03-01,1
ISR,EWR,2020-03-13,1
ISR,EWR,2020-03-24,1
ISR,JFK,2020-03-15,1
ISR,JFK,2020-03-24,1
ISR,JFK,2020-03-31,2
ITA,EWR,2020-03-01,1
ITA,EWR,2020-03-08,1
ITA,EWR,2020-03-21,1
ITA,JFK,2020-03-03,1
ITA,JFK,2020-03-05,5
ITA,JFK,2020-03-08,1
ITA,JFK,2020-03-09,1
ITA,JFK,2020-03-10,2
ITA,JFK,2020-03-15,2
ITA,JFK,2020-03-16,2
ITA,JFK,2020-03-26,1
KY,BUF,2020-03-17,1
KY,EWR,2020-03-15,1
KY,HPN,2020-03-16,1
KY,LGA,2020-03-13,1
KY,LGA,2020-03-17,1
KY,LGA,2020-03-23,1
LA,ALB,2020-03-14,1
LA,ALB,2020-03-31,1
LA,ART,2020-03-08,1
LA,BDL,2020-03-23,2
LA,BDL,2020-03-29,1
LA,BUF,2020-03-16,1
LA,EWR,2020-03-07,1
LA,EWR,2020-03-12,3
LA,EWR,2020-03-13,2
LA,EWR,2020-03-15,1
LA,EWR,2020-03-17,1
LA,EWR,2020-03-23,4
LA,EWR,2020-03-24,2
LA,EWR,2020-03-26,3
LA,EWR,2020-03-27,3
LA,EWR,2020-03-28,3
LA,JFK,2020-03-10,3
LA,JFK,2020-03-13,3
LA,JFK,2020-03-18,5
LA,JFK,2020-03-20,3
LA,JFK,2020-03-22,2
LA,JFK,2020-03-24,1
LA,JFK,2020-03-25,6
LA,JFK,2020-03-26,1
LA,LGA,2020-03-10,5
LA,LGA,2020-03-11,2
LA,LGA,2020-03-14,3
LA,LGA,2020-03-15,1
LA,LGA,2020-03-23,2
LA,LGA,2020-03-24,10
LA,LGA,2020-03-29,1
LA,ROC,2020-03-07,1
LA,ROC,2020-03-09,2
LA,ROC,2020-03-19,1
LA,SYR,2020-03-11,1
LBN,JFK,2020-03-14,1
LUX,JFK,2020-03-08,1
LUX,JFK,2020-03-17,1
MA,ACY,2020-03-12,2
MA,ACY,2020-03-16,1
MA,BDL,2020-03-23,1
MA,BDR,2020-03-18,1
MA,BLM,2020-03-13,2
MA,BLM,2020-03-15,1
MA,BUF,2020-03-12,1
MA,BUF,2020-03-26,1
MA,BUF,2020-03-28,1
MA,CDW,2020-03-21,1
MA,EWR,2020-03-02,1
MA,EWR,2020-03-07,1
MA,EWR,2020-03-14,2
MA,EWR,2020-03-15,5
MA,EWR,2020-03-16,3
MA,EWR,2020-03-17,1
MA,EWR,2020-03-19,7
MA,EWR,2020-03-25,2
MA,EWR,2020-03-28,1
MA,EWR,2020-03-30,3
MA,FOK,2020-03-21,1
MA,FOK,2020-03-25,1
MA,FOK,2020-03-31,1
MA,FRG,2020-03-15,1
MA,FRG,2020-03-16,1
MA,FRG,2020-03-17,4
MA,FRG,2020-03-22,2
MA,FRG,2020-03-26,1
MA,FRG,2020-03-31,2
MA,HCC,2020-03-14,1
MA,HCC,2020-03-15,1
MA,HFD,2020-03-17,1
MA,HFD,2020-03-21,1
MA,HTO,2020-03-08,1
MA,HTO,2020-03-20,1
MA,HTO,2020-03-26,1
MA,JFK,2020-03-06,1
MA,JFK,2020-03-13,2
MA,JFK,2020-03-15,1
MA,JFK,2020-03-17,1
MA,JFK,2020-03-20,4
MA,JFK,2020-03-23,5
MA,JFK,2020-03-27,2
MA,LGA,2020-03-05,1
MA,LGA,2020-03-07,1
MA,LGA,2020-03-08,3
MA,LGA,2020-03-13,1
MA,LGA,2020-03-16,24
MA,LGA,2020-03-17,10
MA,LGA,2020-03-18,1
MA,LGA,2020-03-24,5
MA,LGA,2020-03-25,2
MA,LGA,2020-03-31,2
MA,MTP,2020-03-09,1
MA,MTP,2020-03-17,1
MA,OGS,2020-03-23,1
MA,PCT,2020-03-24,1
MA,RME,2020-03-25,2
MA,ROC,2020-03-14,1
MA,ROC,2020-03-21,1
MA,ROC,2020-03-24,1
MA,SLK,2020-03-14,1
MA,SYR,2020-03-11,1
MA,TEB,2020-03-20,2
MA,TEB,2020-03-23,7
MA,TEB,2020-03-27,1
MA,WWD,2020-03-09,1
MA,WWD,2020-03-17,1
MD,ALB,2020-03-14,1
MD,ALB,2020-03-27,1
MD,BDL,2020-03-13,1
MD,BDL,2020-03-16,3
MD,BDL,2020-03-26,2
MD,BUF,2020-03-10,1
MD,BUF,2020-03-21,2
MD,BUF,2020-03-22,1
MD,BUF,2020-03-25,2
MD,BUF,2020-03-28,1
MD,DXR,2020-03-14,1
MD,ROC,2020-03-15,1
MD,TEB,2020-03-19,1
ME,HTO,2020-03-07,1
ME,HTO,2020-03-15,1
ME,JFK,2020-03-12,1
ME,LGA,2020-03-25,1
ME,TEB,2020-03-06,1
MI,ALB,2020-03-15,1
MI,BDL,2020-03-19,1
MI,EWR,2020-03-12,2
MI,EWR,2020-03-20,1
MI,EWR,2020-03-23,1
MI,EWR,2020-03-25,1
MI,EWR,2020-03-27,1
MI,HPN,2020-03-13,1
MI,HPN,2020-03-15,1
MI,ITH,2020-03-15,1
MI,LGA,2020-03-09,1
MI,LGA,2020-03-13,2
MI,LGA,2020-03-15,4
MI,LGA,2020-03-18,4
MI,LGA,2020-03-19,17
MI,LGA,2020-03-20,1
MI,LGA,2020-03-23,5
MI,LGA,2020-03-27,2
MI,LGA,2020-03-28,1
MI,LGA,2020-03-31,1
MI,SYR,2020-03-14,1
MN,BDL,2020-03-11,1
MN,EWR,2020-03-10,1
MN,EWR,2020-03-17,1
MN,JFK,2020-03-06,1
MN,LGA,2020-03-08,1
MN,LGA,2020-03-16,1
MN,SYR,2020-03-15,1
MO,EWR,2020-03-12,1
MO,EWR,2020-03-16,3
MO,EWR,2020-03-28,1
MO,LGA,2020-03-12,2
MO,LGA,2020-03-15,1
MO,LGA,2020-03-20,2
MO,LGA,2020-03-22,1
MO,LGA,2020-03-24,2
MO,LGA,2020-03-28,2
MO,ROC,2020-03-17,1
MT,LGA,2020-03-15,1
NC,EWR,2020-03-13,2
NC,EWR,2020-03-17,3
NC,EWR,2020-03-18,1
NC,EWR,2020-03-24,1
NC,HPN,2020-03-21,1
NC,JFK,2020-03-11,1
NC,LGA,2020-03-09,1
NC,LGA,2020-03-13,1
NC,LGA,2020-03-17,1
NC,LGA,2020-03-23,2
NC,LGA,2020-03-25,1
NC,LGA,2020-03-29,1
NC,ROC,2020-03-17,1
NH,EWR,2020-03-10,1
NH,FRG,2020-03-15,1
NH,ROC,2020-03-12,1
NH,TEB,2020-03-06,1
NH,TEB,2020-03-13,2
NJ,ACY,2020-03-17,1
NJ,ACY,2020-03-22,1
NJ,ACY,2020-03-26,1
NJ,ALB,2020-03-13,1
NJ,ALB,2020-03-14,1
NJ,ALB,2020-03-23,2
NJ,BUF,2020-03-15,1
NJ,BUF,2020-03-23,1
NJ,BUF,2020-03-30,1
NJ,EWR,2020-03-15,1
NJ,EWR,2020-03-17,1
NJ,EWR,2020-03-21,1
NJ,FID,2020-03-21,1
NJ,FID,2020-03-27,1
NJ,FOK,2020-03-14,1
NJ,FOK,2020-03-25,1
NJ,FOK,2020-03-27,1
NJ,FRG,2020-03-15,1
NJ,FRG,2020-03-22,1
NJ,FRG,2020-03-25,1
NJ,GON,2020-03-30,1
NJ,HFD,2020-03-10,1
NJ,HFD,2020-03-12,1
NJ,HFD,2020-03-15,2
NJ,HFD,2020-03-19,2
NJ,HFD,2020-03-22,1
NJ,HFD,2020-03-24,1
NJ,HPN,2020-03-16,1
NJ,HTO,2020-03-14,1
NJ,HTO,2020-03-23,1
NJ,HTO,2020-03-27,1
NJ,HVN,2020-03-10,1
NJ,HVN,2020-03-16,1
NJ,IAG,2020-03-14,1
NJ,IAG,2020-03-16,2
NJ,IAG,2020-03-27,1
NJ,ISP,2020-03-14,1
NJ,ISP,2020-03-15,1
NJ,ITH,2020-03-11,1
NJ,ITH,2020-03-22,1
NJ,JFK,2020-03-15,2
NJ,JFK,2020-03-19,1
NJ,LKP,2020-03-19,2
NJ,LKP,2020-03-27,2
NJ,MIV,2020-03-16,5
NJ,MIV,2020-03-17,1
NJ,MIV,2020-03-22,1
NJ,MIV,2020-03-31,1
NJ,RME,2020-03-12,1
NJ,ROC,2020-03-08,1
NJ,ROC,2020-03-17,2
NJ,ROC,2020-03-21,1
NJ,SYR,2020-03-14,3
NJ,SYR,2020-03-18,5
NJ,TEB,2020-03-12,1
NLD,EWR,2020-03-31,1
NLD,JFK,2020-03-23,1
NLD,JFK,2020-03-30,1
NLD,JFK,2020-03-31,1
NM,BUF,2020-03-22,1
NM,JFK,2020-03-28,1
NOR,EWR,2020-03-14,1
NV,ALB,2020-03-15,1
NV,BDL,2020-03-16,1
NV,BDL,2020-03-19,2
NV,BDL,2020-03-26,2
NV,BUF,2020-03-09,2
NV,BUF,2020-03-16,1
NV,EWR,2020-03-07,1
NV,EWR,2020-03-08,2
NV,EWR,2020-03-09,1
NV,EWR,2020-03-11,1
NV,EWR,2020-03-16,2
NV,EWR,2020-03-17,1
NV,EWR,2020-03-19,2
NV,EWR,2020-03-20,1
NV,EWR,2020-03-21,2
NV,EWR,2020-03-22,1
NV,JFK,2020-03-05,1
NV,JFK,2020-03-07,1
NV,JFK,2020-03-12,2
NV,JFK,2020-03-14,3
NV,JFK,2020-03-16,2
NV,JFK,2020-03-19,1
NV,JFK,2020-03-20,1
NV,JFK,2020-03-25,1
NV,JFK,2020-03-31,1
NV,ROC,2020-03-20,1
NV,SYR,2020-03-01,1
NV,TTN,2020-03-16,1
NY,ACY,2020-03-07,1
NY,ACY,2020-03-13,4
NY,ACY,2020-03-20,1
NY,ACY,2020-03-25,1
NY,ACY,2020-03-28,1
NY,ACY,2020-03-29,1
NY,ALB,2020-03-19,1
NY,ALB,2020-03-30,2
NY,BDL,2020-03-07,2
NY,BDL,2020-03-09,2
NY,BDL,2020-03-10,1
NY,BDR,2020-03-15,1
NY,BDR,2020-03-16,1
NY,BDR,2020-03-24,2
NY,BLM,2020-03-06,2
NY,BLM,2020-03-13,2
NY,BLM,2020-03-15,3
NY,BLM,2020-03-16,1
NY,BLM,2020-03-19,1
NY,BLM,2020-03-21,1
NY,BLM,2020-03-24,1
NY,BUF,2020-03-06,7
NY,BUF,2020-03-07,7
NY,BUF,2020-03-08,3
NY,BUF,2020-03-10,5
NY,BUF,2020-03-11,4
NY,BUF,2020-03-13,5
NY,BUF,2020-03-14,2
NY,BUF,2020-03-15,7
NY,BUF,2020-03-17,1
NY,BUF,2020-03-18,4
NY,BUF,2020-03-21,6
NY,BUF,2020-03-22,2
NY,BUF,2020-03-24,1
NY,BUF,2020-03-26,4
NY,BUF,2020-03-28,7
NY,BUF,2020-03-30,1
NY,CDW,2020-03-13,1
NY,CDW,2020-03-14,2
NY,CDW,2020-03-15,3
NY,CDW,2020-03-18,2
NY,CDW,2020-03-28,1
NY,CTX,2020-03-06,1
NY,CTX,2020-03-18,1
NY,CTX,2020-03-22,2
NY,DXR,2020-03-09,1
NY,DXR,2020-03-12,1
NY,DXR,2020-03-14,1
NY,DXR,2020-03-15,1
NY,DXR,2020-03-16,1
NY,EWR,2020-03-07,3
NY,EWR,2020-03-09,1
NY,EWR,2020-03-12,4
NY,EWR,2020-03-14,8
NY,EWR,2020-03-15,3
NY,EWR,2020-03-20,3
NY,EWR,2020-03-25,2
NY,EWR,2020-03-27,1
NY,EWR,2020-03-29,1
NY,EWR,2020-03-30,1
NY,FID,2020-03-16,1
NY,FID,2020-03-19,1
NY,FID,2020-03-30,1
NY,FOK,2020-03-13,1
NY,FOK,2020-03-14,7
NY,FOK,2020-03-19,1
NY,FOK,2020-03-20,1
NY,FOK,2020-03-23,1
NY,FOK,2020-03-25,1
NY,FRG,2020-03-05,1
NY,FRG,2020-03-07,1
NY,FRG,2020-03-10,6
NY,FRG,2020-03-11,1
NY,FRG,2020-03-12,1
NY,FRG,2020-03-13,4
NY,FRG,2020-03-16,3
NY,FRG,2020-03-17,4
NY,FRG,2020-03-21,1
NY,FRG,2020-03-22,2
NY,GFL,2020-03-12,1
NY,GFL,2020-03-25,1
NY,GFL,2020-03-29,1
NY,GON,2020-03-21,4
NY,GON,2020-03-24,1
NY,HFD,2020-03-11,1
NY,HFD,2020-03-13,3
NY,HFD,2020-03-16,2
NY,HFD,2020-03-22,1
NY,HPN,2020-03-08,1
NY,HPN,2020-03-15,1
NY,HPN,2020-03-30,1
NY,HTO,2020-03-09,1
NY,HTO,2020-03-12,3
NY,HTO,2020-03-13,6
NY,HTO,2020-03-18,1
NY,HTO,2020-03-23,1
NY,HTO,2020-03-25,3
NY,IAG,2020-03-16,1
NY,IAG,2020-03-22,3
NY,ISP,2020-03-14,1
NY,ISP,2020-03-28,1
NY,ISP,2020-03-29,1
NY,ITH,2020-03-16,1
NY,JFK,2020-03-06,2
NY,JFK,2020-03-07,6
NY,JFK,2020-03-10,6
NY,JFK,2020-03-11,3
NY,JFK,2020-03-12,1
NY,JFK,2020-03-13,3
NY,JFK,2020-03-14,5
NY,JFK,2020-03-15,7
NY,JFK,2020-03-16,4
NY,JFK,2020-03-17,4
NY,JFK,2020-03-19,5
NY,JFK,2020-03-20,4
NY,JFK,2020-03-21,1
NY,JFK,2020-03-23,1
NY,JFK,2020-03-24,8
NY,JFK,2020-03-25,4
NY,JFK,2020-03-26,3
NY,JFK,2020-03-27,1
NY,JFK,2020-03-28,2
NY,JFK,2020-03-30,1
NY,JVI,2020-03-13,1
NY,JVI,2020-03-17,3
NY,LGA,2020-03-06,4
NY,LGA,2020-03-07,2
NY,LGA,2020-03-10,1
NY,LGA,2020-03-14,8
NY,LGA,2020-03-16,2
NY,LGA,2020-03-17,1
NY,LGA,2020-03-18,6
NY,LGA,2020-03-19,9
NY,LGA,2020-03-20,1
NY,LGA,2020-03-21,1
NY,LGA,2020-03-26,2
NY,LGA,2020-03-27,1
NY,LKP,2020-03-06,1
NY,LKP,2020-03-17,2
NY,LKP,2020-03-18,1
NY,LKP,2020-03-21,1
NY,MIV,2020-03-10,1
NY,MIV,2020-03-13,1
NY,MIV,2020-03-21,1
NY,MIV,2020-03-26,1
NY,MMU,2020-03-13,3
NY,MMU,2020-03-15,3
NY,MMU,2020-03-22,2
NY,MMU,2020-03-24,1
NY,MMU,2020-03-26,1
NY,MMU,2020-03-29,1
NY,MSS,2020-03-14,1
NY,MTP,2020-03-08,4
NY,MTP,2020-03-12,2
NY,MTP,2020-03-17,1
NY,MTP,2020-03-18,1
NY,OLE,2020-03-13,1
NY,OLE,2020-03-21,1
NY,OLE,2020-03-26,1
NY,OXC,2020-03-19,1
NY,OXC,2020-03-21,1
NY,OXC,2020-03-28,2
NY,PCT,2020-03-08,1
NY,PCT,2020-03-16,1
NY,PCT,2020-03-18,3
NY,PCT,2020-03-24,1
NY,POU,2020-03-12,2
NY,POU,2020-03-16,2
NY,RME,2020-03-08,2
NY,RME,2020-03-15,1
NY,RME,2020-03-18,2
NY,RME,2020-03-22,1
NY,ROC,2020-03-02,1
NY,ROC,2020-03-08,2
NY,ROC,2020-03-09,1
NY,ROC,2020-03-10,2
NY,ROC,2020-03-18,3
NY,ROC,2020-03-19,4
NY,ROC,2020-03-20,3
NY,ROC,2020-03-26,1
NY,ROC,2020-03-28,1
NY,ROC,2020-03-31,1
NY,SCH,2020-03-23,1
NY,SYR,2020-03-09,4
NY,SYR,2020-03-10,3
NY,SYR,2020-03-12,2
NY,SYR,2020-03-14,19
NY,SYR,2020-03-16,3
NY,SYR,2020-03-17,7
NY,SYR,2020-03-18,1
NY,SYR,2020-03-20,6
NY,SYR,2020-03-21,2
NY,SYR,2020-03-22,1
NY,SYR,2020-03-25,1
NY,SYR,2020-03-29,3
NY,TEB,2020-03-05,1
NY,TEB,2020-03-09,2
NY,TEB,2020-03-18,1
NY,TEB,2020-03-19,1
NY,TEB,2020-03-23,3
NY,TEB,2020-03-26,1
NY,TEB,2020-03-29,1
NY,TEB,2020-03-30,1
NY,TEB,2020-03-31,1
NY,WSH,2020-03-11,1
NY,WSH,2020-03-13,2
NY,WSH,2020-03-17,1
NY,WSH,2020-03-18,1
NY,WWD,2020-03-09,2
NY,WWD,2020-03-12,1
NY,WWD,2020-03-18,1
NY,WWD,2020-03-25,1
OH,ALB,2020-03-22,1
OH,EWR,2020-03-20,1
OH,EWR,2020-03-27,1
OH,HPN,2020-03-21,1
OH,ITH,2020-03-20,1
OH,JFK,2020-03-17,1
OH,LGA,2020-03-09,1
OH,LGA,2020-03-17,2
OH,LGA,2020-03-23,2
OH,TEB,2020-03-15,1
OK,BDL,2020-03-14,1
OR,JFK,2020-03-09,1
OR,ROC,2020-03-07,1
PA,BUF,2020-03-12,1
PA,BUF,2020-03-25,1
PA,BUF,2020-03-29,1
PA,EWR,2020-03-09,1
PA,EWR,2020-03-12,1
PA,EWR,2020-03-16,1
PA,EWR,2020-03-21,1
PA,HTO,2020-03-06,1
PA,IAG,2020-03-15,1
PA,JFK,2020-03-28,1
PA,JHW,2020-03-11,1
PA,LGA,2020-03-07,1
PA,LGA,2020-03-13,3
PA,LGA,2020-03-23,1
PA,LGA,2020-03-26,1
PA,LGA,2020-03-29,1
PA,MMU,2020-03-19,1
PA,MMU,2020-03-21,1
PA,ROC,2020-03-17,1
PA,ROC,2020-03-21,1
PA,SYR,2020-03-23,1
PA,TEB,2020-03-10,1
PA,TEB,2020-03-20,1
PA,TEB,2020-03-23,2
PA,TEB,2020-03-26,1
POL,JFK,2020-03-23,1
PRT,JFK,2020-03-06,1
RI,EWR,2020-03-15,1
RI,EWR,2020-03-17,2
RI,FRG,2020-03-18,1
RI,FRG,2020-03-30,2
RI,TEB,2020-03-29,1
SC,BDL,2020-03-21,1
SC,BDL,2020-03-27,1
SC,EWR,2020-03-10,1
SC,EWR,2020-03-24,1
SC,HPN,2020-03-18,1
SC,IAG,2020-03-18,1
SC,JFK,2020-03-10,1
SC,JFK,2020-03-16,1
SC,JFK,2020-03-27,1
SC,LGA,2020-03-15,2
SC,SWF,2020-03-09,1
SWE,EWR,2020-03-01,1
SWE,EWR,2020-03-22,1
SWE,JFK,2020-03-20,1
TN,ALB,2020-03-10,1
TN,ALB,2020-03-23,1
TN,BDL,2020-03-03,1
TN,BDL,2020-03-14,1
TN,BDL,2020-03-15,1
TN,BDL,2020-03-16,1
TN,BUF,2020-03-12,1
TN,BUF,2020-03-16,1
TN,BUF,2020-03-20,1
TN,EWR,2020-03-09,1
TN,EWR,2020-03-12,4
TN,LGA,2020-03-14,1
TN,LGA,2020-03-18,1
TN,LGA,2020-03-23,2
TN,LGA,2020-03-26,1
TN,LGA,2020-03-29,1
TN,SYR,2020-03-24,1
TTO,JFK,2020-03-12,1
TUR,JFK,2020-03-22,1
TX,BDL,2020-03-07,1
TX,BDL,2020-03-08,1
TX,BDL,2020-03-28,1
TX,BUF,2020-03-18,1
TX,BUF,2020-03-22,1
TX,EWR,2020-03-13,1
TX,EWR,2020-03-15,2
TX,EWR,2020-03-17,7
TX,EWR,2020-03-19,1
TX,EWR,2020-03-29,2
TX,JFK,2020-03-13,1
TX,JFK,2020-03-16,2
TX,JFK,2020-03-17,1
TX,JFK,2020-03-20,1
TX,JFK,2020-03-26,1
TX,LGA,2020-03-08,1
TX,LGA,2020-03-16,1
TX,LGA,2020-03-17,3
TX,LGA,2020-03-20,2
TX,LGA,2020-03-21,3
TX,LGA,2020-03-24,1
TX,LGA,2020-03-25,3
TX,SYR,2020-03-24,1
UT,BDL,2020-03-18,1
UT,EWR,2020-03-21,1
UT,EWR,2020-03-26,1
UT,JFK,2020-03-10,1
UT,JFK,2020-03-17,4
UT,JFK,2020-03-19,1
UT,JFK,2020-03-22,1
VA,ART,2020-03-16,1
VA,HPN,2020-03-26,1
VA,JFK,2020-03-18,1
VA,LGA,2020-03-15,1
VA,SYR,2020-03-14,1
VA,TEB,2020-03-17,1
VT,EWR,2020-03-17,1
VT,FOK,2020-03-13,2
VT,JFK,2020-03-09,1
VT,JFK,2020-03-13,2
VT,JFK,2020-03-17,2
VT,LGA,2020-03-15,1
VT,PCT,2020-03-17,1
WA,ALB,2020-03-19,1
WA,BUF,2020-03-12,1
WA,EWR,2020-03-02,3
WA,EWR,2020-03-08,1
WA,EWR,2020-03-15,1
WA,EWR,2020-03-21,3
WA,JFK,2020-03-03,4
WA,JFK,2020-03-04,2
WA,JFK,2020-03-05,1
WA,JFK,2020-03-10,1
WA,JFK,2020-03-11,2
WA,JFK,2020-03-15,1
WA,JFK,2020-03-17,2
WA,JFK,2020-03-28,1
WA,LGA,2020-03-21,1
WA,SYR,2020-03-08,1
WI,BDL,2020-03-14,1
WI,EWR,2020-03-09,1
WI,LGA,2020-03-08,1
WI,LGA,2020-03-12,1
WI,LGA,2020-03-14,1
WI,LGA,2020-03-17,1
AZ,JFK,2020-04-04,1
BEL,JFK,2020-04-10,1
BHS,EWR,2020-04-04,1
CA,EWR,2020-04-06,1
CA,EWR,2020-04-09,2
CA,JFK,2020-04-02,9
CA,JFK,2020-04-03,1
CA,JFK,2020-04-06,1
CA,JFK,2020-04-07,2
CA,SYR,2020-04-04,1
CAN,EWR,2020-04-03,1
CAN,EWR,2020-04-08,3
CAN,LGA,2020-04-07,1
CAN,LGA,2020-04-10,2
CO,EWR,2020-04-05,1
CO,EWR,2020-04-09,1
CO,LGA,2020-04-03,1
CT,FOK,2020-04-07,1
CT,HTO,2020-04-01,1
DC,BDL,2020-04-02,1
DC,BDL,2020-04-03,1
DC,BDL,2020-04-08,1
DC,BUF,2020-04-03,1
DC,EWR,2020-04-07,4
DC,EWR,2020-04-08,1
DC,FRG,2020-04-08,1
DC,JFK,2020-04-06,1
DC,JFK,2020-04-07,1
DC,JFK,2020-04-08,1
DC,JFK,2020-04-10,1
DC,LGA,2020-04-02,1
DC,SYR,2020-04-01,1
DC,SYR,2020-04-03,1
DC,SYR,2020-04-06,1
DC,SYR,2020-04-08,1
DNK,JFK,2020-04-08,1
DOM,JFK,2020-04-03,1
ECU,JFK,2020-04-03,1
ESP,EWR,2020-04-05,1
ESP,JFK,2020-04-06,1
ESP,JFK,2020-04-09,2
FL,ALB,2020-04-04,1
FL,ALB,2020-04-07,2
FL,BUF,2020-04-07,5
FL,EWR,2020-04-03,3
FL,EWR,2020-04-08,1
FL,EWR,2020-04-09,1
FL,HPN,2020-04-03,1
FL,HPN,2020-04-04,1
FL,HPN,2020-04-10,1
FL,IAG,2020-04-05,1
FL,IAG,2020-04-10,1
FL,ISP,2020-04-02,1
FL,ISP,2020-04-10,2
FL,JFK,2020-04-01,4
FL,JFK,2020-04-02,7
FL,JFK,2020-04-07,4
FL,JFK,2020-04-08,2
FL,LGA,2020-04-03,3
FL,LGA,2020-04-04,3
FL,LGA,2020-04-05,5
FL,LGA,2020-04-10,3
FL,PBG,2020-04-02,1
FL,PBG,2020-04-06,1
GA,EWR,2020-04-02,1
GA,EWR,2020-04-05,2
GA,EWR,2020-04-07,1
GA,EWR,2020-04-08,2
GA,JFK,2020-04-08,1
GA,LGA,2020-04-01,1
GA,LGA,2020-04-04,5
GA,ROC,2020-04-10,1
GA,TTN,2020-04-06,1
GBR,BDL,2020-04-01,1
GBR,EWR,2020-04-02,1
GBR,EWR,2020-04-03,2
GBR,JFK,2020-04-07,1
GBR,JFK,2020-04-08,1
GBR,JFK,2020-04-09,2
IL,ALB,2020-04-02,1
IL,ALB,2020-04-08,1
IL,BDL,2020-04-01,1
IL,EWR,2020-04-03,2
IL,EWR,2020-04-04,1
IL,HPN,2020-04-06,1
IL,LGA,2020-04-01,2
IL,LGA,2020-04-03,3
IL,LGA,2020-04-05,1
IL,TTN,2020-04-10,1
IN,BDL,2020-04-08,1
IN,EWR,2020-04-08,1
ISR,EWR,2020-04-03,1
ITA,JFK,2020-04-03,4
LA,EWR,2020-04-01,1
LA,EWR,2020-04-02,2
LA,EWR,2020-04-03,1
LA,SYR,2020-04-09,1
MA,BLM,2020-04-08,1
MA,BUF,2020-04-03,1
MA,EWR,2020-04-03,3
MA,EWR,2020-04-10,1
MA,FRG,2020-04-01,2
MA,HTO,2020-04-04,2
MA,JFK,2020-04-06,1
MA,LGA,2020-04-04,4
MA,LGA,2020-04-07,5
MA,LGA,2020-04-09,1
MA,MMU,2020-04-08,1
MA,OGS,2020-04-07,1
MA,SYR,2020-04-05,1
MD,BDL,2020-04-02,3
MD,BDL,2020-04-03,1
MD,BUF,2020-04-03,1
ME,HTO,2020-04-04,1
MI,BUF,2020-04-09,1
NC,ITH,2020-04-04,1
NC,LGA,2020-04-02,1
NC,SYR,2020-04-10,1
NE,LGA,2020-04-09,2
NH,LGA,2020-04-03,1
NJ,BUF,2020-04-01,1
NJ,BUF,2020-04-06,1
NJ,FOK,2020-04-07,1
NJ,FRG,2020-04-03,2
NJ,HTO,2020-04-06,1
NJ,ISP,2020-04-08,1
NJ,JFK,2020-04-01,1
NJ,ROC,2020-04-02,1
NJ,SYR,2020-04-02,1
NLD,BDL,2020-04-03,1
NLD,EWR,2020-04-09,1
NV,EWR,2020-04-01,1
NV,EWR,2020-04-03,1
NV,EWR,2020-04-08,1
NV,JFK,2020-04-06,1
NY,ALB,2020-04-04,1
NY,BDL,2020-04-02,1
NY,BUF,2020-04-01,1
NY,BUF,2020-04-02,1
NY,BUF,2020-04-07,1
NY,BUF,2020-04-10,1
NY,CDW,2020-04-01,1
NY,EWR,2020-04-03,2
NY,EWR,2020-04-10,1
NY,FOK,2020-04-09,1
NY,FRG,2020-04-01,2
NY,FRG,2020-04-03,1
NY,HTO,2020-04-01,2
NY,HTO,2020-04-07,1
NY,JFK,2020-04-01,1
NY,JFK,2020-04-03,2
NY,JFK,2020-04-05,8
NY,JFK,2020-04-06,5
NY,JFK,2020-04-09,1
NY,JVI,2020-04-07,1
NY,LGA,2020-04-01,1
NY,LGA,2020-04-02,4
NY,LGA,2020-04-03,4
NY,LGA,2020-04-07,2
NY,LGA,2020-04-10,1
NY,MIV,2020-04-09,1
NY,MMU,2020-04-02,1
NY,MMU,2020-04-03,1
NY,MTP,2020-04-03,1
NY,MTP,2020-04-05,1
NY,POU,2020-04-03,1
NY,ROC,2020-04-02,1
NY,ROC,2020-04-03,1
NY,SYR,2020-04-08,1
NY,TEB,2020-04-01,1
NY,TEB,2020-04-09,2
OH,LGA,2020-04-09,2
OH,TEB,2020-04-07,1
OH,TEB,2020-04-10,1
PA,LGA,2020-04-06,1
PA,LGA,2020-04-07,1
PA,TEB,2020-04-08,1
RI,EWR,2020-04-09,1
RI,MTP,2020-04-01,1
RI,MTP,2020-04-08,1
RI,TEB,2020-04-09,1
SC,LGA,2020-04-10,1
SGP,JFK,2020-04-09,1
SWE,EWR,2020-04-05,1
TN,EWR,2020-04-02,1
TN,EWR,2020-04-08,1
TX,EWR,2020-04-04,1
TX,EWR,2020-04-10,1
TX,LGA,2020-04-03,2
TX,LGA,2020-04-10,2
UT,SYR,2020-04-01,1
VA,EWR,2020-04-05,1
VA,LGA,2020-04-03,1
VA,LGA,2020-04-08,1
WA,EWR,2020-04-01,1
WA,EWR,2020-04-02,2
WA,EWR,2020-04-09,1
WA,JFK,2020-04-01,1
WA,JFK,2020-04-04,1
